report_id,severity,actionability,credibility,corroboration_count,priority
R001,critical,high,0.95,5,0.96
R002,critical,high,0.88,3,0.91
R003,high,high,0.92,4,0.86
R004,critical,high,0.94,4,0.94
R005,high,high,0.86,3,0.82
R006,medium,high,0.84,2,0.68
R007,high,medium,0.89,3,0.75
R008,medium,medium,0.81,2,0.57
R009,critical,medium,0.78,2,0.81
R010,high,high,0.91,5,0.88
R011,medium,high,0.76,3,0.66
R012,low,medium,0.73,2,0.42
R013,high,low,0.82,1,0.61
R014,medium,medium,0.69,1,0.50
R015,critical,high,0.61,1,0.85
R016,high,medium,0.65,2,0.68
R017,medium,low,0.58,1,0.38
R018,low,high,0.87,4,0.57
R019,high,high,0.96,5,0.91
R020,medium,high,0.63,1,0.58