text,relevant
"Explosion reported near Times Square, multiple people injured",1
"Huge fire spreading through a building near JFK Airport",1
"People trapped inside collapsed building in Lower Manhattan",1
"Two vehicles crashed on Brooklyn Bridge, several people injured",1
"Person unconscious near Central Park subway entrance",1
"Flood water entering homes in Queens",1
"Smoke and flames coming from apartment building on Broadway",1
"Missing child reported near Grand Central Terminal",1
"Suspicious package found near Wall Street",1
"Multiple people injured after accident on Queens Boulevard",1
"Fire breaking out near Penn Station, people evacuating",1
"Loud explosion heard around Midtown, reports of injuries",1
"Building collapse reported in Brooklyn, rescue crews needed",1
"Several cars involved in major crash near Manhattan Bridge",1
"Person seriously injured outside Times Square",1
"Water rising rapidly near subway station in Queens",1
"Possible gas leak reported near apartment building in Harlem",1
"Heavy smoke coming from restaurant in Manhattan",1
"People trapped after elevator accident in Midtown",1
"Armed robbery reported near a store in Brooklyn",1
"Child missing after last seen near Central Park",1
"Large fire visible near LaGuardia Airport",1
"Emergency crews responding to crash on FDR Drive",1
"Several injured after construction site accident in Queens",1
"Person collapsed on subway platform at Union Square",1
"Flooding blocking roads near Jamaica Queens",1
"Explosion reported at construction site in Brooklyn",1
"Smoke filling subway station near Times Square",1
"Possible shooting reported near a busy street in Manhattan",1
"Person trapped inside damaged vehicle after crash",1
"Fire spreading across multiple floors near Washington Heights",1
"Medical emergency reported outside Rockefeller Center",1
"Building partially collapsed near Brooklyn neighborhood",1
"Multiple ambulances responding to incident near Times Square",1
"Strong smell of gas reported by residents in Queens",1
"Police responding to reported assault near Central Park",1
"Several people injured after bus accident in Manhattan",1
"Water flooding basement apartments in Brooklyn",1
"Large fire and thick smoke near Harlem",1
"Missing elderly person last seen near Queens Boulevard",1
"Explosion-like sound followed by smoke near Midtown",1
"Vehicle overturned after serious accident on Queens road",1
"Person bleeding heavily after accident near Penn Station",1
"Reports of people trapped in burning building in Brooklyn",1
"Emergency evacuation underway near JFK terminal",1
"Possible chemical spill reported near industrial area in Queens",1
"Police searching for missing child near Prospect Park",1
"Several people injured after collapse at construction site",1
"Firefighters arriving at building fire near 5th Avenue",1
"Subway platform crowded after someone collapsed and needs medical help",1
"Flood water covering several streets in Queens",1
"Suspicious person reportedly threatening people near a Manhattan station",1
"Crash has blocked multiple lanes on Brooklyn Bridge",1
"Smoke coming from underground subway entrance near Union Square",1
"Person found unconscious near a bus stop in Harlem",1
"Large explosion reported near a warehouse in Brooklyn",1
"Police responding to possible robbery near Times Square",1
"Apartment building shaking after reported blast in Manhattan",1
"People being evacuated from office building due to fire",1
"Several injured after pileup on FDR Drive",1
"Rescue teams needed after building collapse in Queens",1
"Traffic is very slow around Times Square today",0
"Beautiful sunset over Central Park tonight",0
"Tourists taking photos at Brooklyn Bridge",0
"New restaurant opened near Times Square",0
"Weather looks cloudy over Queens",0
"Subway train delayed due to routine maintenance",0
"People waiting for taxis outside JFK Airport",0
"Large crowd attending a concert in Manhattan",0
"Coffee shop offering discounts near Broadway",0
"Central Park looks beautiful this morning",0
"Lots of tourists visiting Times Square today",0
"Traffic is heavy on FDR Drive during rush hour",0
"Rain expected across New York this evening",0
"Restaurant reservations are filling up in Midtown",0
"Tourists walking across Brooklyn Bridge",0
"Subway service running normally near Union Square",0
"Street performers attracting a crowd in Times Square",0
"Sunny afternoon expected in Manhattan",0
"New store opening near Queens Boulevard",0
"People lining up outside a theater on Broadway",0
"Taxi fares increased in Manhattan this week",0
"Central Park is crowded with runners today",0
"Visitors taking pictures near Rockefeller Center",0
"Coffee shop near Wall Street is very busy",0
"Normal traffic near JFK Airport right now",0
"Cloudy weather reported across Brooklyn",0
"Concert tickets available for a Manhattan event",0
"Tourists enjoying the view from Brooklyn Bridge",0
"Subway passengers waiting for the next train",0
"Restaurant serving lunch near Times Square",0
"Lots of people shopping in Midtown today",0
"Rain making sidewalks wet around Queens",0
"New apartment listings available in Brooklyn",0
"Street festival happening near Central Park",0
"Traffic moving slowly near Grand Central during rush hour",0
"Tourists visiting the Empire State Building",0
"Sunny weather expected near JFK Airport",0
"People waiting outside a Broadway theater",0
"Popular restaurant has a long line tonight",0
"Subway station is crowded during evening commute",0
"New coffee shop opened in Brooklyn",0
"People exercising in Central Park this morning",0
"Heavy traffic reported near Manhattan Bridge",0
"Tourists gathering around a street performer",0
"Weekend event attracting visitors to Queens",0
"Normal subway delays reported across Manhattan",0
"People shopping near Wall Street",0
"Clouds moving over Midtown this afternoon",0
"Busy restaurant district near Broadway tonight",0
"Taxi queue is long outside Grand Central",0
"Visitors enjoying the weather in New York",0
"Street market attracting shoppers in Brooklyn",0
"Normal rush hour traffic near Queens Boulevard",0
"People taking pictures around Times Square",0
"Subway platform crowded during evening commute",0
"New hotel opened near Central Park",0
"Rain causing normal traffic delays in Manhattan",0
"Tourists arriving at JFK Airport",0
"Large crowd leaving a sports event in Brooklyn",0
"Shopping district is busy near Times Square",0
"People walking around Midtown after work",0
"Weather forecast says rain tomorrow in Queens",0
"Restaurant opening announced near Union Square",0
"Visitors enjoying the Brooklyn waterfront",0
"Traffic building up around Grand Central",0
"Normal crowd outside a Manhattan concert venue",0
"Tourists exploring Lower Manhattan",0